{
  "frame": 3,
  "timestamp": "362.212",
  "timestampFound": true,
  "scaleFound": true,
  "dropletsFound": true,
  "droplets": [
    {
      "cx": 500.9523664202009,
      "cy": 518.095234462193,
      "id": 0,
      "r": 382.85714285714283
    },
    {
      "cx": 789.5237949916295,
      "cy": 432.3809487479074,
      "id": 1,
      "r": 254.30176514350427
    }
  ],
  "scale": {
    "label": "50 µm",
    "length": 314.04763357979914,
    "x1": 1480.9523664202009,
    "x2": 1795,
    "y1": 1046.6666630336217,
    "y2": 1046.6666630336217
  }
}