{
  "frame": 2,
  "timestamp": "Not Found",
  "timestampFound": false,
  "scaleFound": true,
  "dropletsFound": true,
  "droplets": [
    {
      "cx": 450.41240703939684,
      "cy": 311.1718433261227,
      "id": 0,
      "r": 148.04894553708306
    },
    {
      "cx": 215.02939911085616,
      "cy": 246.08432308885352,
      "id": 1,
      "r": 125.71908641328423
    }
  ],
  "scale": {
    "label": "100 µm",
    "length": 315.6272151769068,
    "x1": 363.0353813689537,
    "x2": 678.6625965458605,
    "y1": 473.4448389861638,
    "y2": 473.4448389861638
  }
}