{
  "frame": 3,
  "timestamp": "324.893",
  "timestampFound": true,
  "scaleFound": true,
  "dropletsFound": true,
  "droplets": [
    {
      "cx": 1181.5614194432494,
      "cy": 512.1961371961371,
      "id": 0,
      "r": 304.48510012542715
    },
    {
      "cx": 655.6326101356937,
      "cy": 534.0492840492841,
      "id": 1,
      "r": 288.46324752249336
    }
  ],
  "scale": {
    "label": "100 µm",
    "length": 302,
    "x1": 1493,
    "x2": 1795,
    "y1": 1052,
    "y2": 1052
  }
}