{
  "frame": 2,
  "timestamp": "253.902",
  "timestampFound": true,
  "scaleFound": true,
  "dropletsFound": true,
  "droplets": [
    {
      "cx": 803.8095092773438,
      "cy": 432.3809487479074,
      "id": 0,
      "r": 282.44069215506676
    },
    {
      "cx": 506.66665213448664,
      "cy": 518.095234462193,
      "id": 1,
      "r": 368.5825026021851
    }
  ],
  "scale": {
    "label": "100 µm",
    "length": 302,
    "x1": 1491,
    "x2": 1793,
    "y1": 1043,
    "y2": 1043
  }
}