{
  "frame": 1,
  "timestamp": "Not Found",
  "timestampFound": false,
  "scaleFound": true,
  "dropletsFound": true,
  "droplets": [
    {
      "cx": 511.0413636270513,
      "cy": 308.49701372733085,
      "id": 0,
      "r": 145.33391034687455
    },
    {
      "cx": 268.52553727643357,
      "cy": 277.2906684080922,
      "id": 1,
      "r": 128.3938274539146
    }
  ],
  "scale": {
    "label": "100 µm",
    "length": 317.4104197824261,
    "x1": 362.1437790661941,
    "x2": 679.5541988486202,
    "y1": 473.4448389861638,
    "y2": 473.4448389861638
  }
}