{
  "evaluation_summary": {
    "num_frames": 11,
    "total_droplet_loss": 3233278.174789032,
    "total_scale_loss": 90123.75597788935,
    "total_loss": 3323401.9307669224,
    "avg_droplet_loss": 293934.3795262756,
    "avg_scale_loss": 8193.068725262669,
    "avg_total_loss": 302127.4482515384,
    "total_droplet_count_diff": 0,
    "avg_droplet_count_diff": 0.0
  },
  "frame_results": [
    {
      "frame": "frame_0001.jpeg",
      "droplet_loss": 303564.1878201415,
      "scale_loss": 17431,
      "total_loss": 320995.1878201415,
      "gt_droplet_count": 2,
      "pred_droplet_count": 2,
      "droplet_count_diff": 0,
      "ground_truth": {
        "frame": 1,
        "timestamp": "111.218",
        "timestampFound": true,
        "scaleFound": true,
        "dropletsFound": true,
        "droplets": [
          {
            "cx": 1188.8457519821352,
            "cy": 513.6530136530138,
            "id": 0,
            "r": 289.91643504765534
          },
          {
            "cx": 664.3738091823566,
            "cy": 535.5061605061607,
            "id": 1,
            "r": 305.94543539069707
          }
        ],
        "scale": {
          "label": "50 \u00b5m",
          "length": 189,
          "x1": 1490,
          "x2": 1679,
          "y1": 1044,
          "y2": 1044
        }
      },
      "prediction": {
        "timestamp": "111.218",
        "timestampFound": true,
        "scaleFound": true,
        "dropletsFound": true,
        "droplets": [
          {
            "cx": 780,
            "cy": 319,
            "r": 317,
            "id": 0
          },
          {
            "cx": 417,
            "cy": 418,
            "r": 155,
            "id": 1
          }
        ],
        "scale": {
          "x1": 1593,
          "y1": 1051,
          "x2": 1761,
          "y2": 1051,
          "label": "50 \u00b5m",
          "length": 168
        }
      }
    },
    {
      "frame": "frame_0000.jpeg",
      "droplet_loss": 1229700.8720288703,
      "scale_loss": 8,
      "total_loss": 1229708.8720288703,
      "gt_droplet_count": 2,
      "pred_droplet_count": 2,
      "droplet_count_diff": 0,
      "ground_truth": {
        "frame": 0,
        "timestamp": "4.480",
        "timestampFound": true,
        "scaleFound": true,
        "dropletsFound": true,
        "droplets": [
          {
            "cx": 865.421387255605,
            "cy": 861.8464868464871,
            "id": 0,
            "r": 314.68316567986733
          },
          {
            "cx": 1370.9540654542807,
            "cy": 455.3779553779556,
            "id": 1,
            "r": 282.63585734569904
          }
        ],
        "scale": {
          "label": "100 \u00b5m",
          "length": 301,
          "x1": 1493,
          "x2": 1794,
          "y1": 1043,
          "y2": 1043
        }
      },
      "prediction": {
        "timestamp": "4.480",
        "timestampFound": true,
        "scaleFound": true,
        "dropletsFound": true,
        "droplets": [
          {
            "cx": 780,
            "cy": 319,
            "r": 317,
            "id": 0
          },
          {
            "cx": 417,
            "cy": 418,
            "r": 155,
            "id": 1
          }
        ],
        "scale": {
          "x1": 1491,
          "y1": 1043,
          "x2": 1796,
          "y2": 1043,
          "label": "100 \u00b5m",
          "length": 305
        }
      }
    },
    {
      "frame": "frame_0007.jpeg",
      "droplet_loss": 153431.16451553264,
      "scale_loss": 33019.3774169507,
      "total_loss": 186450.54193248335,
      "gt_droplet_count": 2,
      "pred_droplet_count": 2,
      "droplet_count_diff": 0,
      "ground_truth": {
        "frame": 0,
        "timestamp": "Not Found",
        "timestampFound": false,
        "scaleFound": true,
        "dropletsFound": true,
        "droplets": [
          {
            "cx": 603.7680031140521,
            "cy": 248.75915268764538,
            "id": 0,
            "r": 142.65915471879805
          },
          {
            "cx": 103,
            "cy": 339,
            "id": 1,
            "r": 130.8355743957802
          }
        ],
        "scale": {
          "label": "50 \u00b5m",
          "length": 317.4104197824261,
          "x1": 362.1437790661941,
          "x2": 679.5541988486202,
          "y1": 472.55322911989987,
          "y2": 472.55322911989987
        }
      },
      "prediction": {
        "timestamp": "Not Found",
        "timestampFound": false,
        "scaleFound": true,
        "dropletsFound": true,
        "droplets": [
          {
            "cx": 448,
            "cy": 268,
            "r": 332,
            "id": 0
          },
          {
            "cx": 319,
            "cy": 191,
            "r": 287,
            "id": 1
          }
        ],
        "scale": {
          "x1": 491,
          "y1": 457,
          "x2": 553,
          "y2": 460,
          "label": "50 \u00b5m",
          "length": 62
        }
      }
    },
    {
      "frame": "frame_0011.jpeg",
      "droplet_loss": 78615.46849695465,
      "scale_loss": 133,
      "total_loss": 78748.46849695465,
      "gt_droplet_count": 2,
      "pred_droplet_count": 2,
      "droplet_count_diff": 0,
      "ground_truth": {
        "frame": 1,
        "timestamp": "147.438",
        "timestampFound": true,
        "scaleFound": true,
        "dropletsFound": true,
        "droplets": [
          {
            "cx": 850,
            "cy": 436,
            "id": 0,
            "r": 289
          },
          {
            "cx": 498.095223563058,
            "cy": 520.9523773193359,
            "id": 1,
            "r": 360.10202635885724
          }
        ],
        "scale": {
          "label": "100 \u00b5m",
          "length": 304,
          "x1": 1491,
          "x2": 1795,
          "y1": 1052,
          "y2": 1052
        }
      },
      "prediction": {
        "timestamp": "147.438",
        "timestampFound": true,
        "scaleFound": true,
        "dropletsFound": true,
        "droplets": [
          {
            "cx": 780,
            "cy": 319,
            "r": 317,
            "id": 0
          },
          {
            "cx": 417,
            "cy": 418,
            "r": 155,
            "id": 1
          }
        ],
        "scale": {
          "x1": 1490,
          "y1": 1044,
          "x2": 1797,
          "y2": 1044,
          "label": "100 \u00b5m",
          "length": 307
        }
      }
    },
    {
      "frame": "frame_0010.jpeg",
      "droplet_loss": 566407.0,
      "scale_loss": 130,
      "total_loss": 566537.0,
      "gt_droplet_count": 2,
      "pred_droplet_count": 2,
      "droplet_count_diff": 0,
      "ground_truth": {
        "frame": 0,
        "timestamp": "40.456",
        "timestampFound": true,
        "scaleFound": true,
        "dropletsFound": true,
        "droplets": [
          {
            "cx": 480,
            "cy": 544,
            "id": 0,
            "r": 343
          },
          {
            "cx": 1484,
            "cy": 440,
            "id": 1,
            "r": 286
          }
        ],
        "scale": {
          "label": "100 \u00b5m",
          "length": 305,
          "x1": 1491,
          "x2": 1796,
          "y1": 1052,
          "y2": 1052
        }
      },
      "prediction": {
        "timestamp": "40.456",
        "timestampFound": true,
        "scaleFound": true,
        "dropletsFound": true,
        "droplets": [
          {
            "cx": 780,
            "cy": 319,
            "r": 317,
            "id": 0
          },
          {
            "cx": 417,
            "cy": 418,
            "r": 155,
            "id": 1
          }
        ],
        "scale": {
          "x1": 1490,
          "y1": 1044,
          "x2": 1797,
          "y2": 1044,
          "label": "100 \u00b5m",
          "length": 307
        }
      }
    },
    {
      "frame": "frame_0013.jpeg",
      "droplet_loss": 85862.94420475196,