{
  "frame": 0,
  "timestamp": "Not Found",
  "timestampFound": false,
  "scaleFound": true,
  "dropletsFound": true,
  "droplets": [
    {
      "cx": 603.7680031140521,
      "cy": 248.75915268764538,
      "id": 0,
      "r": 142.65915471879805
    },
    {
      "cx": 103,
      "cy": 339,
      "id": 1,
      "r": 130.8355743957802
    }
  ],
  "scale": {
    "label": "50 µm",
    "length": 317.4104197824261,
    "x1": 362.1437790661941,
    "x2": 679.5541988486202,
    "y1": 472.55322911989987,
    "y2": 472.55322911989987
  }
}