{
  "frame": 0,
  "timestamp": "4.480",
  "timestampFound": true,
  "scaleFound": true,
  "dropletsFound": true,
  "droplets": [
    {
      "cx": 865.421387255605,
      "cy": 861.8464868464871,
      "id": 0,
      "r": 314.68316567986733
    },
    {
      "cx": 1370.9540654542807,
      "cy": 455.3779553779556,
      "id": 1,
      "r": 282.63585734569904
    }
  ],
  "scale": {
    "label": "100 µm",
    "length": 301,
    "x1": 1493,
    "x2": 1794,
    "y1": 1043,
    "y2": 1043
  }
}