{
  "frame": 1,
  "timestamp": "111.218",
  "timestampFound": true,
  "scaleFound": true,
  "dropletsFound": true,
  "droplets": [
    {
      "cx": 1188.8457519821352,
      "cy": 513.6530136530138,
      "id": 0,
      "r": 289.91643504765534
    },
    {
      "cx": 664.3738091823566,
      "cy": 535.5061605061607,
      "id": 1,
      "r": 305.94543539069707
    }
  ],
  "scale": {
    "label": "50 µm",
    "length": 189,
    "x1": 1490,
    "x2": 1679,
    "y1": 1044,
    "y2": 1044
  }
}