{
  "frame": 2,
  "timestamp": "218.017",
  "timestampFound": true,
  "scaleFound": true,
  "dropletsFound": true,
  "droplets": [
    {
      "cx": 1187.3888854743582,
      "cy": 516.5667665667665,
      "id": 0,
      "r": 296.78623723230464
    },
    {
      "cx": 661.4600761668023,
      "cy": 534.0492840492841,
      "id": 1,
      "r": 298.66118745465803
    }
  ],
  "scale": {
    "label": "100 µm",
    "length": 307,
    "x1": 1490,
    "x2": 1797,
    "y1": 1051,
    "y2": 1051
  }
}